{"cameraMode":{"drawMode":0,"name":"Shaded","section":"Shading Mode"},"sceneLighting":true,"audioPlay":false,"sceneViewState":{"m_AlwaysRefresh":false,"showFog":true,"showSkybox":true,"showFlares":true,"showImageEffects":true,"showParticleSystems":true,"showVisualEffectGraphs":true,"m_FxEnabled":true},"in2DMode":false,"pivot":{"x":5.0897955894470219,"y":0.3423023223876953,"z":-1.3776545524597169},"rotation":{"x":0.012230459600687027,"y":0.9866890907287598,"z":-0.08904262632131577,"w":0.13552583754062653},"size":4.09773588180542,"orthographic":true}