{"cameraMode":{"drawMode":0,"name":"Shaded","section":"Shading Mode"},"sceneLighting":true,"audioPlay":false,"sceneViewState":{"m_AlwaysRefresh":false,"showFog":true,"showSkybox":true,"showFlares":true,"showImageEffects":true,"showParticleSystems":true,"showVisualEffectGraphs":true,"m_FxEnabled":true},"in2DMode":false,"pivot":{"x":3.8930182456970217,"y":2.2743170261383058,"z":-0.5076441764831543},"rotation":{"x":-0.359271764755249,"y":-0.008123064413666726,"z":0.0031252382323145868,"w":-0.9331984519958496},"size":6.001945495605469,"orthographic":true}